store_storeId,sub_category,price_range,avg_stock_quantity,observed_variants_count,avg_count_per_variant,avg_restock_amount,avg_quantity_before_restock,restock_events_count,store_name
0070008500085,campingmobel,0-10,14.576576576576576,3,4.858858858858858,7.0,15.625,16,DORTMUND_APLERBECK
0070008500085,campingmobel,10-20,38.09615384615385,6,6.349358974358975,9.434782608695652,27.043478260869566,23,DORTMUND_APLERBECK
0070008500085,campingmobel,100-200,2.864864864864865,2,1.4324324324324325,1.8,3.2,5,DORTMUND_APLERBECK
0070008500085,campingmobel,1000+,,0,,,,0,DORTMUND_APLERBECK
0070008500085,campingmobel,20-50,19.47859922178988,6,3.246433203631647,10.3125,18.75,32,DORTMUND_APLERBECK
0070008500085,campingmobel,200-500,,0,,,,0,DORTMUND_APLERBECK
0070008500085,campingmobel,50-100,5.127413127413128,7,0.7324875896304468,2.5,3.8333333333333335,12,DORTMUND_APLERBECK
0070008500085,campingmobel,500-1000,,0,,,,0,DORTMUND_APLERBECK
0070008500085,fahrrader,0-10,,0,,,,0,DORTMUND_APLERBECK
0070008500085,fahrrader,10-20,,0,,,,0,DORTMUND_APLERBECK
0070008500085,fahrrader,100-200,,0,,,,0,DORTMUND_APLERBECK
0070008500085,fahrrader,1000+,0.417910447761194,6,0.0696517412935323,1.0,0.2,5,DORTMUND_APLERBECK
0070008500085,fahrrader,20-50,,0,,,,0,DORTMUND_APLERBECK
0070008500085,fahrrader,200-500,1.6692708333333333,12,0.1391059027777777,1.4,1.25,40,DORTMUND_APLERBECK
0070008500085,fahrrader,50-100,,0,,,,0,DORTMUND_APLERBECK
0070008500085,fahrrader,500-1000,0.3982300884955752,2,0.1991150442477876,1.0,0.0,4,DORTMUND_APLERBECK
0070008500085,fitnessgerate-fur-zuhause,0-10,22.517006802721088,9,2.501889644746788,9.4,17.166666666666668,30,DORTMUND_APLERBECK
0070008500085,fitnessgerate-fur-zuhause,10-20,12.054054054054054,8,1.5067567567567568,4.283333333333333,11.016666666666667,60,DORTMUND_APLERBECK
0070008500085,fitnessgerate-fur-zuhause,100-200,0.2051282051282051,1,0.2051282051282051,1.0,0.0,2,DORTMUND_APLERBECK
0070008500085,fitnessgerate-fur-zuhause,1000+,0.8974358974358975,1,0.8974358974358975,1.0,0.0,2,DORTMUND_APLERBECK
0070008500085,fitnessgerate-fur-zuhause,20-50,6.166998011928429,9,0.685222001325381,3.282608695652174,4.978260869565218,46,DORTMUND_APLERBECK
0070008500085,fitnessgerate-fur-zuhause,200-500,1.1217391304347826,5,0.2243478260869565,1.0,0.6666666666666666,3,DORTMUND_APLERBECK
0070008500085,fitnessgerate-fur-zuhause,50-100,17.096491228070175,6,2.8494152046783623,7.7,3.4,10,DORTMUND_APLERBECK
0070008500085,fitnessgerate-fur-zuhause,500-1000,1.0,1,1.0,,,0,DORTMUND_APLERBECK
0070008500085,kochen-essen-trinken-camping,0-10,31.65481171548117,11,2.8777101559528337,16.38888888888889,30.51851851851852,54,DORTMUND_APLERBECK
0070008500085,kochen-essen-trinken-camping,10-20,13.832923832923832,11,1.2575385302658029,5.074074074074074,11.24074074074074,54,DORTMUND_APLERBECK
0070008500085,kochen-essen-trinken-camping,100-200,,0,,,,0,DORTMUND_APLERBECK
0070008500085,kochen-essen-trinken-camping,1000+,,0,,,,0,DORTMUND_APLERBECK
0070008500085,kochen-essen-trinken-camping,20-50,14.05945945945946,10,1.405945945945946,5.675,13.275,40,DORTMUND_APLERBECK
0070008500085,kochen-essen-trinken-camping,200-500,,0,,,,0,DORTMUND_APLERBECK
0070008500085,kochen-essen-trinken-camping,50-100,8.131578947368421,4,2.0328947368421053,4.0,6.142857142857143,7,DORTMUND_APLERBECK
0070008500085,kochen-essen-trinken-camping,500-1000,,0,,,,0,DORTMUND_APLERBECK
0070008500085,schlafsacke-matratzen-betten,0-10,37.293577981651374,3,12.431192660550458,15.263157894736842,28.63157894736842,19,DORTMUND_APLERBECK
0070008500085,schlafsacke-matratzen-betten,10-20,31.513513513513512,7,4.501930501930501,11.235294117647058,27.147058823529413,34,DORTMUND_APLERBECK
0070008500085,schlafsacke-matratzen-betten,100-200,6.4953271028037385,2,3.247663551401869,2.8,8.6,5,DORTMUND_APLERBECK
0070008500085,schlafsacke-matratzen-betten,1000+,,0,,,,0,DORTMUND_APLERBECK
0070008500085,schlafsacke-matratzen-betten,20-50,21.952970297029704,13,1.6886900228484387,8.907407407407407,18.14814814814815,54,DORTMUND_APLERBECK
0070008500085,schlafsacke-matratzen-betten,200-500,,0,,,,0,DORTMUND_APLERBECK
0070008500085,schlafsacke-matratzen-betten,50-100,7.7063953488372094,14,0.5504568106312292,4.811594202898551,7.028985507246377,69,DORTMUND_APLERBECK
0070008500085,schlafsacke-matratzen-betten,500-1000,,0,,,,0,DORTMUND_APLERBECK
0070008500085,zelte,0-10,22.76056338028169,2,11.380281690140846,9.333333333333334,20.77777777777778,9,DORTMUND_APLERBECK
0070008500085,zelte,10-20,,0,,,,0,DORTMUND_APLERBECK
0070008500085,zelte,100-200,14.4296875,10,1.44296875,4.618181818181818,10.2,55,DORTMUND_APLERBECK
0070008500085,zelte,1000+,0.0512820512820512,1,0.0512820512820512,1.0,0.0,1,DORTMUND_APLERBECK
0070008500085,zelte,20-50,17.914473684210527,6,2.985745614035088,9.285714285714286,13.142857142857142,14,DORTMUND_APLERBECK
0070008500085,zelte,200-500,2.783464566929134,7,0.3976377952755905,1.5,2.833333333333333,12,DORTMUND_APLERBECK
0070008500085,zelte,50-100,6.084967320261438,5,1.2169934640522877,4.428571428571429,5.190476190476191,21,DORTMUND_APLERBECK
0070008500085,zelte,500-1000,3.035398230088496,3,1.0117994100294985,1.5714285714285714,1.8571428571428568,7,DORTMUND_APLERBECK
0070027300273,campingmobel,0-10,37.648648648648646,3,12.549549549549548,19.1875,36.9375,16,HERNE
0070027300273,campingmobel,10-20,35.84084084084084,7,5.12012012012012,15.925,27.475,40,HERNE
0070027300273,campingmobel,100-200,4.429347826086956,5,0.8858695652173912,3.1666666666666665,5.333333333333333,12,HERNE
0070027300273,campingmobel,1000+,,0,,,,0,HERNE
0070027300273,campingmobel,20-50,27.14864864864865,10,2.714864864864865,12.816326530612244,21.816326530612244,49,HERNE
0070027300273,campingmobel,200-500,,0,,,,0,HERNE
0070027300273,campingmobel,50-100,6.1419624217119,14,0.43871160155085,4.047619047619048,5.690476190476191,42,HERNE
0070027300273,campingmobel,500-1000,,0,,,,0,HERNE
0070027300273,fahrrader,0-10,,0,,,,0,HERNE
0070027300273,fahrrader,10-20,,0,,,,0,HERNE
0070027300273,fahrrader,100-200,0.5,1,0.5,,,0,HERNE
0070027300273,fahrrader,1000+,0.3181818181818182,5,0.0636363636363636,1.0,0.0,4,HERNE
0070027300273,fahrrader,20-50,,0,,,,0,HERNE
0070027300273,fahrrader,200-500,2.720502092050209,9,0.302278010227801,2.117647058823529,2.277310924369748,119,HERNE
0070027300273,fahrrader,50-100,,0,,,,0,HERNE
0070027300273,fahrrader,500-1000,0.6548672566371682,2,0.3274336283185841,1.0,0.0,6,HERNE
0070027300273,fitnessgerate-fur-zuhause,0-10,45.40138408304498,9,5.044598231449442,19.377777777777776,37.333333333333336,45,HERNE
0070027300273,fitnessgerate-fur-zuhause,10-20,21.480725623582767,9,2.3867472915091965,7.2125,22.775,80,HERNE
0070027300273,fitnessgerate-fur-zuhause,100-200,2.6842105263157894,1,2.6842105263157894,1.5,1.8333333333333333,6,HERNE
0070027300273,fitnessgerate-fur-zuhause,1000+,1.948717948717949,1,1.948717948717949,1.6,1.2,5,HERNE
0070027300273,fitnessgerate-fur-zuhause,20-50,10.125984251968504,9,1.1251093613298335,3.7662337662337664,8.909090909090908,77,HERNE
0070027300273,fitnessgerate-fur-zuhause,200-500,1.8636363636363635,10,0.1863636363636363,1.368421052631579,1.0526315789473684,19,HERNE
0070027300273,fitnessgerate-fur-zuhause,50-100,13.86842105263158,6,2.31140350877193,8.0,5.714285714285714,14,HERNE
0070027300273,fitnessgerate-fur-zuhause,500-1000,2.325,2,1.1625,1.2,1.6,5,HERNE
0070027300273,kochen-essen-trinken-camping,0-10,79.39105058365759,11,7.217368234877963,25.90909090909091,86.63636363636364,88,HERNE
0070027300273,kochen-essen-trinken-camping,10-20,29.4625,12,2.455208333333333,9.944444444444445,23.51851851851852,54,HERNE
0070027300273,kochen-essen-trinken-camping,100-200,5.594594594594595,1,5.594594594594595,2.0,4.5,2,HERNE
0070027300273,kochen-essen-trinken-camping,1000+,,0,,,,0,HERNE
0070027300273,kochen-essen-trinken-camping,20-50,20.426966292134832,13,1.571305099394987,7.037037037037037,17.703703703703702,54,HERNE
0070027300273,kochen-essen-trinken-camping,200-500,,0,,,,0,HERNE
0070027300273,kochen-essen-trinken-camping,50-100,12.103896103896105,5,2.4207792207792207,3.555555555555556,10.0,9,HERNE
0070027300273,kochen-essen-trinken-camping,500-1000,,0,,,,0,HERNE
0070027300273,schlafsacke-matratzen-betten,0-10,77.21621621621621,3,25.738738738738736,21.615384615384617,55.88461538461539,26,HERNE
0070027300273,schlafsacke-matratzen-betten,10-20,44.57088122605364,7,6.367268746579092,21.26315789473684,42.63157894736842,38,HERNE
0070027300273,schlafsacke-matratzen-betten,100-200,6.515151515151516,5,1.3030303030303032,3.571428571428572,6.714285714285714,28,HERNE
0070027300273,schlafsacke-matratzen-betten,1000+,,0,,,,0,HERNE
0070027300273,schlafsacke-matratzen-betten,20-50,35.42203742203742,13,2.724772109387494,15.46774193548387,30.33870967741936,62,HERNE
0070027300273,schlafsacke-matratzen-betten,200-500,,0,,,,0,HERNE
0070027300273,schlafsacke-matratzen-betten,50-100,13.668171557562076,15,0.9112114371708052,6.989247311827957,11.666666666666666,93,HERNE
0070027300273,schlafsacke-matratzen-betten,500-1000,,0,,,,0,HERNE
0070027300273,zelte,0-10,43.35135135135136,2,21.67567567567568,18.818181818181817,23.272727272727277,11,HERNE
0070027300273,zelte,10-20,,0,,,,0,HERNE
0070027300273,zelte,100-200,16.402127659574468,12,1.3668439716312055,6.956521739130435,13.710144927536232,69,HERNE
0070027300273,zelte,1000+,0.2987012987012987,2,0.1493506493506493,1.1666666666666667,0.0,6,HERNE
0070027300273,zelte,20-50,37.16025641025641,4,9.290064102564102,15.5,28.88888888888889,18,HERNE
0070027300273,zelte,200-500,6.407079646017699,9,0.711897738446411,2.7450980392156863,4.509803921568627,51,HERNE
0070027300273,zelte,50-100,12.647826086956522,6,2.1079710144927537,7.458333333333333,14.291666666666666,24,HERNE
0070027300273,zelte,500-1000,4.608695652173913,3,1.536231884057971,1.4444444444444444,3.333333333333333,18,HERNE
0070072600726,campingmobel,0-10,17.115384615384617,5,3.423076923076924,7.75,19.5,16,HAGEN
0070072600726,campingmobel,10-20,30.10810810810811,4,7.527027027027027,9.28,22.04,25,HAGEN
0070072600726,campingmobel,100-200,5.947368421052632,2,2.973684210526316,2.5,5.0,2,HAGEN
0070072600726,campingmobel,1000+,,0,,,,0,HAGEN
0070072600726,campingmobel,20-50,15.756756756756756,8,1.9695945945945943,7.6521739130434785,14.608695652173912,23,HAGEN
0070072600726,campingmobel,200-500,,0,,,,0,HAGEN
0070072600726,campingmobel,50-100,5.4903474903474905,7,0.7843353557639272,2.636363636363636,5.090909090909091,22,HAGEN
0070072600726,campingmobel,500-1000,,0,,,,0,HAGEN
0070072600726,fahrrader,0-10,,0,,,,0,HAGEN
0070072600726,fahrrader,10-20,,0,,,,0,HAGEN
0070072600726,fahrrader,100-200,,0,,,,0,HAGEN
0070072600726,fahrrader,1000+,1.0129032258064516,4,0.2532258064516129,1.1428571428571428,0.4285714285714285,7,HAGEN
0070072600726,fahrrader,20-50,,0,,,,0,HAGEN
0070072600726,fahrrader,200-500,2.0838414634146343,8,0.2604801829268293,1.6153846153846154,1.9615384615384612,26,HAGEN
0070072600726,fahrrader,50-100,,0,,,,0,HAGEN
0070072600726,fahrrader,500-1000,1.0,1,1.0,,,0,HAGEN
0070072600726,fitnessgerate-fur-zuhause,0-10,21.08264462809917,10,2.1082644628099176,7.777777777777778,16.88888888888889,18,HAGEN
0070072600726,fitnessgerate-fur-zuhause,10-20,13.47554347826087,9,1.497282608695652,5.307692307692308,13.025641025641026,39,HAGEN
0070072600726,fitnessgerate-fur-zuhause,100-200,1.8356164383561644,2,0.9178082191780822,1.0,1.0,3,HAGEN
0070072600726,fitnessgerate-fur-zuhause,1000+,,0,,,,0,HAGEN
0070072600726,fitnessgerate-fur-zuhause,20-50,4.763819095477387,11,0.433074463225217,2.037037037037037,2.851851851851852,54,HAGEN
0070072600726,fitnessgerate-fur-zuhause,200-500,1.034013605442177,4,0.2585034013605442,1.0,0.1428571428571428,7,HAGEN
0070072600726,fitnessgerate-fur-zuhause,50-100,11.1986301369863,5,2.23972602739726,1.75,1.0,4,HAGEN
0070072600726,fitnessgerate-fur-zuhause,500-1000,1.0,3,0.3333333333333333,1.0,0.0,1,HAGEN
0070072600726,kochen-essen-trinken-camping,0-10,36.36136363636364,12,3.030113636363636,16.862745098039216,36.90196078431372,51,HAGEN
0070072600726,kochen-essen-trinken-camping,10-20,13.07098121085595,12,1.0892484342379958,5.510204081632653,11.979591836734691,49,HAGEN
0070072600726,kochen-essen-trinken-camping,100-200,,0,,,,0,HAGEN
0070072600726,kochen-essen-trinken-camping,1000+,,0,,,,0,HAGEN
0070072600726,kochen-essen-trinken-camping,20-50,13.088948787061994,11,1.189904435187454,4.586206896551724,10.620689655172416,29,HAGEN
0070072600726,kochen-essen-trinken-camping,200-500,,0,,,,0,HAGEN
0070072600726,kochen-essen-trinken-camping,50-100,7.157894736842105,4,1.7894736842105263,2.6,5.2,5,HAGEN
0070072600726,kochen-essen-trinken-camping,500-1000,,0,,,,0,HAGEN
0070072600726,schlafsacke-matratzen-betten,0-10,54.71428571428572,3,18.23809523809524,11.176470588235292,42.41176470588236,17,HAGEN
0070072600726,schlafsacke-matratzen-betten,10-20,24.098412698412695,9,2.677601410934744,9.839285714285714,21.25,56,HAGEN
0070072600726,schlafsacke-matratzen-betten,100-200,4.314285714285714,2,2.157142857142857,3.625,4.625,8,HAGEN
0070072600726,schlafsacke-matratzen-betten,1000+,,0,,,,0,HAGEN
0070072600726,schlafsacke-matratzen-betten,20-50,17.898701298701297,13,1.376823176823177,6.563636363636364,15.690909090909091,55,HAGEN
0070072600726,schlafsacke-matratzen-betten,200-500,,0,,,,0,HAGEN
0070072600726,schlafsacke-matratzen-betten,50-100,8.533557046979865,12,0.7111297539149888,3.792452830188679,6.490566037735849,53,HAGEN
0070072600726,schlafsacke-matratzen-betten,500-1000,,0,,,,0,HAGEN
0070072600726,zelte,0-10,41.12676056338028,2,20.56338028169014,15.6,22.8,10,HAGEN
0070072600726,zelte,10-20,,0,,,,0,HAGEN
0070072600726,zelte,100-200,7.572052401746725,12,0.631004366812227,3.727272727272727,7.363636363636363,55,HAGEN
0070072600726,zelte,1000+,,0,,,,0,HAGEN
0070072600726,zelte,20-50,18.357142857142858,6,3.0595238095238098,6.2631578947368425,15.263157894736842,19,HAGEN
0070072600726,zelte,200-500,1.834482758620689,8,0.2293103448275862,1.5,1.818181818181818,22,HAGEN
0070072600726,zelte,50-100,5.453947368421052,5,1.0907894736842103,3.0526315789473686,4.7368421052631575,19,HAGEN
0070072600726,zelte,500-1000,1.8288288288288288,3,0.6096096096096096,1.25,0.9166666666666666,12,HAGEN
0070072800728,campingmobel,0-10,17.417582417582416,5,3.483516483516483,8.88888888888889,23.22222222222222,18,ESSEN
0070072800728,campingmobel,10-20,34.2780269058296,5,6.85560538116592,18.96,26.68,25,ESSEN
0070072800728,campingmobel,100-200,4.706666666666667,3,1.568888888888889,1.6666666666666667,6.666666666666667,3,ESSEN
0070072800728,campingmobel,1000+,,0,,,,0,ESSEN
0070072800728,campingmobel,20-50,15.364457831325302,8,1.9205572289156627,8.64864864864865,11.756756756756756,37,ESSEN
0070072800728,campingmobel,200-500,,0,,,,0,ESSEN
0070072800728,campingmobel,50-100,5.2,8,0.65,3.2666666666666666,3.533333333333333,15,ESSEN
0070072800728,campingmobel,500-1000,,0,,,,0,ESSEN
0070072800728,fahrrader,0-10,,0,,,,0,ESSEN
0070072800728,fahrrader,10-20,,0,,,,0,ESSEN
0070072800728,fahrrader,100-200,,0,,,,0,ESSEN
0070072800728,fahrrader,1000+,0.6986899563318777,5,0.1397379912663755,1.0,0.6,5,ESSEN
0070072800728,fahrrader,20-50,,0,,,,0,ESSEN
0070072800728,fahrrader,200-500,1.3006060606060603,11,0.1182369146005509,1.5365853658536586,0.7073170731707317,41,ESSEN
0070072800728,fahrrader,50-100,,0,,,,0,ESSEN
0070072800728,fahrrader,500-1000,0.6396396396396397,2,0.3198198198198198,1.0,0.0,3,ESSEN
0070072800728,fitnessgerate-fur-zuhause,0-10,21.49206349206349,10,2.149206349206349,10.066666666666666,17.466666666666665,15,ESSEN
0070072800728,fitnessgerate-fur-zuhause,10-20,12.541666666666666,10,1.2541666666666669,5.2745098039215685,15.862745098039216,51,ESSEN
0070072800728,fitnessgerate-fur-zuhause,100-200,1.162162162162162,2,0.581081081081081,1.25,0.25,4,ESSEN
0070072800728,fitnessgerate-fur-zuhause,1000+,,0,,,,0,ESSEN
0070072800728,fitnessgerate-fur-zuhause,20-50,6.664179104477612,10,0.6664179104477612,2.707317073170732,4.853658536585366,41,ESSEN
0070072800728,fitnessgerate-fur-zuhause,200-500,1.2486486486486486,5,0.2497297297297297,1.0,0.6666666666666666,3,ESSEN
0070072800728,fitnessgerate-fur-zuhause,50-100,9.877551020408164,5,1.9755102040816328,7.6,2.1,10,ESSEN
0070072800728,fitnessgerate-fur-zuhause,500-1000,0.8611111111111112,2,0.4305555555555556,,,0,ESSEN
0070072800728,kochen-essen-trinken-camping,0-10,36.243619489559165,8,4.530452436194896,13.080645161290322,36.5,62,ESSEN
0070072800728,kochen-essen-trinken-camping,10-20,17.631979695431472,10,1.7631979695431472,5.508196721311475,14.934426229508198,61,ESSEN
0070072800728,kochen-essen-trinken-camping,100-200,,0,,,,0,ESSEN
0070072800728,kochen-essen-trinken-camping,1000+,,0,,,,0,ESSEN
0070072800728,kochen-essen-trinken-camping,20-50,16.74613003095975,9,1.8606811145510835,5.32258064516129,15.225806451612904,31,ESSEN
0070072800728,kochen-essen-trinken-camping,200-500,,0,,,,0,ESSEN
0070072800728,kochen-essen-trinken-camping,50-100,7.736111111111111,2,3.8680555555555554,4.0,6.111111111111111,9,ESSEN
0070072800728,kochen-essen-trinken-camping,500-1000,,0,,,,0,ESSEN
0070072800728,schlafsacke-matratzen-betten,0-10,45.08108108108108,3,15.027027027027026,14.3,35.8,20,ESSEN
0070072800728,schlafsacke-matratzen-betten,10-20,26.12228260869565,9,2.902475845410628,10.666666666666666,19.49019607843137,51,ESSEN
0070072800728,schlafsacke-matratzen-betten,100-200,6.586666666666667,3,2.1955555555555555,2.6666666666666665,5.777777777777778,9,ESSEN
0070072800728,schlafsacke-matratzen-betten,1000+,,0,,,,0,ESSEN
0070072800728,schlafsacke-matratzen-betten,20-50,22.08783783783784,12,1.8406531531531527,8.927272727272728,17.963636363636365,55,ESSEN
0070072800728,schlafsacke-matratzen-betten,200-500,,0,,,,0,ESSEN
0070072800728,schlafsacke-matratzen-betten,50-100,9.470839260312944,14,0.6764885185937818,4.285714285714286,8.428571428571429,77,ESSEN
0070072800728,schlafsacke-matratzen-betten,500-1000,,0,,,,0,ESSEN
0070072800728,zelte,0-10,23.64383561643836,2,11.821917808219178,7.818181818181818,22.818181818181817,11,ESSEN
0070072800728,zelte,10-20,,0,,,,0,ESSEN
0070072800728,zelte,100-200,10.65482233502538,10,1.065482233502538,5.055555555555555,7.74074074074074,54,ESSEN
0070072800728,zelte,1000+,,0,,,,0,ESSEN
0070072800728,zelte,20-50,21.62420382165605,6,3.604033970276008,7.75,17.791666666666668,24,ESSEN
0070072800728,zelte,200-500,2.4431818181818183,7,0.3490259740259741,1.5,2.4285714285714284,14,ESSEN
0070072800728,zelte,50-100,5.89873417721519,5,1.179746835443038,3.7058823529411766,4.411764705882353,17,ESSEN
0070072800728,zelte,500-1000,2.1043478260869564,3,0.7014492753623188,1.0833333333333333,1.3333333333333333,12,ESSEN
0070106901069,campingmobel,0-10,10.776315789473683,4,2.694078947368421,4.909090909090909,7.818181818181818,11,HUECKELHOVEN
0070106901069,campingmobel,10-20,15.608108108108109,5,3.121621621621622,6.793103448275862,14.517241379310343,29,HUECKELHOVEN
0070106901069,campingmobel,100-200,2.810810810810811,2,1.4054054054054057,2.0,3.0,1,HUECKELHOVEN
0070106901069,campingmobel,1000+,,0,,,,0,HUECKELHOVEN
0070106901069,campingmobel,20-50,12.744186046511627,6,2.1240310077519378,6.0,11.115384615384617,26,HUECKELHOVEN
0070106901069,campingmobel,200-500,,0,,,,0,HUECKELHOVEN
0070106901069,campingmobel,50-100,3.3513513513513518,7,0.4787644787644787,2.8,2.7,10,HUECKELHOVEN
0070106901069,campingmobel,500-1000,,0,,,,0,HUECKELHOVEN
0070106901069,fahrrader,0-10,,0,,,,0,HUECKELHOVEN
0070106901069,fahrrader,10-20,,0,,,,0,HUECKELHOVEN
0070106901069,fahrrader,100-200,,0,,,,0,HUECKELHOVEN
0070106901069,fahrrader,1000+,0.9027777777777778,5,0.1805555555555555,1.0,0.75,8,HUECKELHOVEN
0070106901069,fahrrader,20-50,,0,,,,0,HUECKELHOVEN
0070106901069,fahrrader,200-500,1.446584938704028,8,0.1808231173380035,1.648648648648649,1.2432432432432432,37,HUECKELHOVEN
0070106901069,fahrrader,50-100,,0,,,,0,HUECKELHOVEN
0070106901069,fahrrader,500-1000,0.8142857142857143,1,0.8142857142857143,1.0,0.5,4,HUECKELHOVEN
0070106901069,fitnessgerate-fur-zuhause,0-10,13.633928571428571,10,1.363392857142857,9.0,9.22222222222222,9,HUECKELHOVEN
0070106901069,fitnessgerate-fur-zuhause,10-20,8.671469740634006,9,0.9634966378482228,4.392857142857143,8.25,28,HUECKELHOVEN
0070106901069,fitnessgerate-fur-zuhause,100-200,,0,,,,0,HUECKELHOVEN
0070106901069,fitnessgerate-fur-zuhause,1000+,0.0857142857142857,1,0.0857142857142857,1.0,0.0,1,HUECKELHOVEN
0070106901069,fitnessgerate-fur-zuhause,20-50,3.614886731391586,8,0.4518608414239482,2.2413793103448274,2.0689655172413794,29,HUECKELHOVEN
0070106901069,fitnessgerate-fur-zuhause,200-500,1.7058823529411764,2,0.8529411764705882,1.0,1.0,5,HUECKELHOVEN
0070106901069,fitnessgerate-fur-zuhause,50-100,8.990384615384615,4,2.2475961538461537,6.0,3.142857142857143,7,HUECKELHOVEN
0070106901069,fitnessgerate-fur-zuhause,500-1000,0.8857142857142857,2,0.4428571428571428,1.0,0.0,1,HUECKELHOVEN
0070106901069,kochen-essen-trinken-camping,0-10,23.87465940054496,8,2.98433242506812,8.210526315789474,22.026315789473685,38,HUECKELHOVEN
0070106901069,kochen-essen-trinken-camping,10-20,9.271084337349398,10,0.9271084337349398,4.5,7.0,28,HUECKELHOVEN
0070106901069,kochen-essen-trinken-camping,100-200,,0,,,,0,HUECKELHOVEN
0070106901069,kochen-essen-trinken-camping,1000+,,0,,,,0,HUECKELHOVEN
0070106901069,kochen-essen-trinken-camping,20-50,11.979661016949152,9,1.3310734463276837,3.6875,11.9375,16,HUECKELHOVEN
0070106901069,kochen-essen-trinken-camping,200-500,,0,,,,0,HUECKELHOVEN
0070106901069,kochen-essen-trinken-camping,50-100,2.893333333333333,3,0.9644444444444444,1.6,3.8,5,HUECKELHOVEN
0070106901069,kochen-essen-trinken-camping,500-1000,,0,,,,0,HUECKELHOVEN
0070106901069,schlafsacke-matratzen-betten,0-10,22.39047619047619,3,7.463492063492063,10.454545454545457,15.0,11,HUECKELHOVEN
0070106901069,schlafsacke-matratzen-betten,10-20,12.748201438848922,7,1.8211716341212745,7.6,9.285714285714286,35,HUECKELHOVEN
0070106901069,schlafsacke-matratzen-betten,100-200,6.428571428571429,1,6.428571428571429,3.75,5.5,4,HUECKELHOVEN
0070106901069,schlafsacke-matratzen-betten,1000+,,0,,,,0,HUECKELHOVEN
0070106901069,schlafsacke-matratzen-betten,20-50,11.5,11,1.0454545454545454,6.2444444444444445,8.444444444444445,45,HUECKELHOVEN
0070106901069,schlafsacke-matratzen-betten,200-500,,0,,,,0,HUECKELHOVEN
0070106901069,schlafsacke-matratzen-betten,50-100,4.4600760456273765,11,0.4054614586933978,3.135135135135135,2.972972972972973,37,HUECKELHOVEN
0070106901069,schlafsacke-matratzen-betten,500-1000,,0,,,,0,HUECKELHOVEN
0070106901069,zelte,0-10,44.0,1,44.0,,,0,HUECKELHOVEN
0070106901069,zelte,10-20,,0,,,,0,HUECKELHOVEN
0070106901069,zelte,100-200,6.7,10,0.67,,,0,HUECKELHOVEN
0070106901069,zelte,1000+,1.0,2,0.5,,,0,HUECKELHOVEN
0070106901069,zelte,20-50,16.0,3,5.333333333333333,,,0,HUECKELHOVEN
0070106901069,zelte,200-500,1.6666666666666667,3,0.5555555555555556,,,0,HUECKELHOVEN
0070106901069,zelte,50-100,5.25,3,1.75,,,0,HUECKELHOVEN
0070106901069,zelte,500-1000,2.0,3,0.6666666666666666,,,0,HUECKELHOVEN
0070156501565,campingmobel,0-10,28.67391304347826,5,5.734782608695652,11.521739130434783,28.52173913043478,23,KOELN_MARSDORF
0070156501565,campingmobel,10-20,63.50675675675676,7,9.072393822393822,30.511627906976745,41.2093023255814,43,KOELN_MARSDORF
0070156501565,campingmobel,100-200,5.091891891891892,6,0.8486486486486488,2.1666666666666665,4.5,12,KOELN_MARSDORF
0070156501565,campingmobel,1000+,,0,,,,0,KOELN_MARSDORF
0070156501565,campingmobel,20-50,31.64054054054054,10,3.1640540540540543,14.471698113207546,25.81132075471698,53,KOELN_MARSDORF
0070156501565,campingmobel,200-500,,0,,,,0,KOELN_MARSDORF
0070156501565,campingmobel,50-100,8.261851015801355,12,0.688487584650113,4.183673469387755,9.26530612244898,49,KOELN_MARSDORF
0070156501565,campingmobel,500-1000,,0,,,,0,KOELN_MARSDORF
0070156501565,fahrrader,0-10,,0,,,,0,KOELN_MARSDORF
0070156501565,fahrrader,10-20,,0,,,,0,KOELN_MARSDORF
0070156501565,fahrrader,100-200,0.5,1,0.5,,,0,KOELN_MARSDORF
0070156501565,fahrrader,1000+,1.0660919540229885,6,0.1776819923371647,1.8235294117647056,1.4705882352941178,17,KOELN_MARSDORF
0070156501565,fahrrader,20-50,,0,,,,0,KOELN_MARSDORF
0070156501565,fahrrader,200-500,2.662079510703364,14,0.1901485364788117,2.032,2.528,125,KOELN_MARSDORF
0070156501565,fahrrader,50-100,,0,,,,0,KOELN_MARSDORF
0070156501565,fahrrader,500-1000,0.7763157894736842,2,0.3881578947368421,1.181818181818182,0.6363636363636364,11,KOELN_MARSDORF
0070156501565,fitnessgerate-fur-zuhause,0-10,32.67259786476868,9,3.630288651640965,12.355555555555556,26.977777777777774,45,KOELN_MARSDORF
0070156501565,fitnessgerate-fur-zuhause,10-20,18.209302325581397,9,2.0232558139534884,6.694444444444445,20.48611111111111,72,KOELN_MARSDORF
0070156501565,fitnessgerate-fur-zuhause,100-200,2.054054054054054,1,2.054054054054054,1.375,1.125,8,KOELN_MARSDORF
0070156501565,fitnessgerate-fur-zuhause,1000+,0.7435897435897436,2,0.3717948717948718,1.0,0.0,5,KOELN_MARSDORF
0070156501565,fitnessgerate-fur-zuhause,20-50,7.991869918699187,9,0.8879855465221319,3.3384615384615386,6.476923076923077,65,KOELN_MARSDORF
0070156501565,fitnessgerate-fur-zuhause,200-500,1.5796178343949046,9,0.1755130927105449,1.0714285714285714,1.0714285714285714,14,KOELN_MARSDORF
0070156501565,fitnessgerate-fur-zuhause,50-100,13.711711711711713,6,2.285285285285285,4.8,7.7,10,KOELN_MARSDORF
0070156501565,fitnessgerate-fur-zuhause,500-1000,0.5263157894736842,1,0.5263157894736842,1.0,0.0,4,KOELN_MARSDORF
0070156501565,kochen-essen-trinken-camping,0-10,79.31725417439704,14,5.665518155314074,27.457831325301203,88.49397590361446,83,KOELN_MARSDORF
0070156501565,kochen-essen-trinken-camping,10-20,32.07936507936508,12,2.673280423280424,11.91304347826087,27.18840579710145,69,KOELN_MARSDORF
0070156501565,kochen-essen-trinken-camping,100-200,,0,,,,0,KOELN_MARSDORF
0070156501565,kochen-essen-trinken-camping,1000+,,0,,,,0,KOELN_MARSDORF
0070156501565,kochen-essen-trinken-camping,20-50,28.42222222222222,10,2.842222222222222,9.363636363636363,27.068181818181817,44,KOELN_MARSDORF
0070156501565,kochen-essen-trinken-camping,200-500,,0,,,,0,KOELN_MARSDORF
0070156501565,kochen-essen-trinken-camping,50-100,21.26388888888889,2,10.631944444444445,8.833333333333334,17.5,6,KOELN_MARSDORF
0070156501565,kochen-essen-trinken-camping,500-1000,,0,,,,0,KOELN_MARSDORF
0070156501565,schlafsacke-matratzen-betten,0-10,75.18095238095238,3,25.06031746031746,22.863636363636363,57.86363636363637,22,KOELN_MARSDORF
0070156501565,schlafsacke-matratzen-betten,10-20,47.78223495702006,10,4.778223495702006,19.03448275862069,32.706896551724135,58,KOELN_MARSDORF
0070156501565,schlafsacke-matratzen-betten,100-200,27.62962962962963,4,6.907407407407407,10.647058823529411,20.235294117647054,17,KOELN_MARSDORF
0070156501565,schlafsacke-matratzen-betten,1000+,,0,,,,0,KOELN_MARSDORF
0070156501565,schlafsacke-matratzen-betten,20-50,34.11632653061225,14,2.4368804664723034,12.867647058823527,28.044117647058822,68,KOELN_MARSDORF
0070156501565,schlafsacke-matratzen-betten,200-500,,0,,,,0,KOELN_MARSDORF
0070156501565,schlafsacke-matratzen-betten,50-100,17.885416666666668,15,1.1923611111111112,8.095744680851064,14.893617021276595,94,KOELN_MARSDORF
0070156501565,schlafsacke-matratzen-betten,500-1000,,0,,,,0,KOELN_MARSDORF
0070156501565,zelte,0-10,66.54794520547945,2,33.273972602739725,27.23076923076923,51.07692307692308,13,KOELN_MARSDORF
0070156501565,zelte,10-20,,0,,,,0,KOELN_MARSDORF
0070156501565,zelte,100-200,28.44418604651163,11,2.585835095137421,11.34722222222222,23.63888888888889,72,KOELN_MARSDORF
0070156501565,zelte,1000+,0.3896103896103896,2,0.1948051948051948,1.6666666666666667,0.0,3,KOELN_MARSDORF
0070156501565,zelte,20-50,33.865284974093264,6,5.644214162348877,11.448275862068966,21.379310344827587,29,KOELN_MARSDORF
0070156501565,zelte,200-500,6.587926509186352,9,0.7319918343540391,3.5476190476190474,5.595238095238095,42,KOELN_MARSDORF
0070156501565,zelte,50-100,13.948275862068966,7,1.992610837438424,7.739130434782608,12.652173913043478,23,KOELN_MARSDORF
0070156501565,zelte,500-1000,4.234782608695652,3,1.4115942028985506,1.8333333333333333,2.4444444444444446,18,KOELN_MARSDORF
0070157301573,campingmobel,0-10,15.446428571428571,4,3.861607142857143,8.142857142857142,12.142857142857142,14,DUESSELDORF
0070157301573,campingmobel,10-20,30.765765765765767,3,10.255255255255255,19.428571428571427,32.142857142857146,14,DUESSELDORF
0070157301573,campingmobel,100-200,4.405405405405405,1,4.405405405405405,2.25,2.75,4,DUESSELDORF
0070157301573,campingmobel,1000+,,0,,,,0,DUESSELDORF
0070157301573,campingmobel,20-50,11.498069498069498,6,1.916344916344916,5.75,8.09375,32,DUESSELDORF
0070157301573,campingmobel,200-500,,0,,,,0,DUESSELDORF
0070157301573,campingmobel,50-100,3.0945945945945947,4,0.7736486486486487,2.833333333333333,4.166666666666667,6,DUESSELDORF
0070157301573,campingmobel,500-1000,,0,,,,0,DUESSELDORF
0070157301573,fahrrader,0-10,,0,,,,0,DUESSELDORF
0070157301573,fahrrader,10-20,,0,,,,0,DUESSELDORF
0070157301573,fahrrader,100-200,,0,,,,0,DUESSELDORF
0070157301573,fahrrader,1000+,0.6555555555555556,7,0.0936507936507936,1.0,0.25,4,DUESSELDORF
0070157301573,fahrrader,20-50,,0,,,,0,DUESSELDORF
0070157301573,fahrrader,200-500,1.3136915077989602,11,0.1194265007089963,1.4,1.5,30,DUESSELDORF
0070157301573,fahrrader,50-100,,0,,,,0,DUESSELDORF
0070157301573,fahrrader,500-1000,0.4868421052631579,1,0.4868421052631579,1.0,0.0,3,DUESSELDORF
0070157301573,fitnessgerate-fur-zuhause,0-10,21.8671875,10,2.18671875,8.578947368421053,19.84210526315789,19,DUESSELDORF
0070157301573,fitnessgerate-fur-zuhause,10-20,16.277173913043477,9,1.808574879227053,5.253968253968254,16.96825396825397,63,DUESSELDORF
0070157301573,fitnessgerate-fur-zuhause,100-200,,0,,,,0,DUESSELDORF
0070157301573,fitnessgerate-fur-zuhause,1000+,,0,,,,0,DUESSELDORF
0070157301573,fitnessgerate-fur-zuhause,20-50,5.204030226700252,11,0.4730936569727502,2.8378378378378377,4.027027027027027,37,DUESSELDORF
0070157301573,fitnessgerate-fur-zuhause,200-500,0.6666666666666666,1,0.6666666666666666,1.0,0.0,1,DUESSELDORF
0070157301573,fitnessgerate-fur-zuhause,50-100,13.472972972972974,3,4.490990990990992,7.6,8.4,5,DUESSELDORF
0070157301573,fitnessgerate-fur-zuhause,500-1000,,0,,,,0,DUESSELDORF
0070157301573,kochen-essen-trinken-camping,0-10,29.55,12,2.4625,15.517857142857142,34.482142857142854,56,DUESSELDORF
0070157301573,kochen-essen-trinken-camping,10-20,15.324324324324325,9,1.7027027027027026,6.024390243902439,12.292682926829269,41,DUESSELDORF
0070157301573,kochen-essen-trinken-camping,100-200,,0,,,,0,DUESSELDORF
0070157301573,kochen-essen-trinken-camping,1000+,,0,,,,0,DUESSELDORF
0070157301573,kochen-essen-trinken-camping,20-50,11.24924924924925,9,1.2499165832499166,4.40625,11.0,32,DUESSELDORF
0070157301573,kochen-essen-trinken-camping,200-500,,0,,,,0,DUESSELDORF
0070157301573,kochen-essen-trinken-camping,50-100,3.102564102564102,3,1.0341880341880345,1.0,1.6666666666666667,3,DUESSELDORF
0070157301573,kochen-essen-trinken-camping,500-1000,,0,,,,0,DUESSELDORF
0070157301573,schlafsacke-matratzen-betten,0-10,31.685714285714287,3,10.561904761904762,10.72222222222222,23.0,18,DUESSELDORF
0070157301573,schlafsacke-matratzen-betten,10-20,18.576433121019107,8,2.3220541401273884,8.15,16.166666666666668,60,DUESSELDORF
0070157301573,schlafsacke-matratzen-betten,100-200,7.942857142857143,1,7.942857142857143,3.571428571428572,6.285714285714286,7,DUESSELDORF
0070157301573,schlafsacke-matratzen-betten,1000+,,0,,,,0,DUESSELDORF
0070157301573,schlafsacke-matratzen-betten,20-50,13.926892950391643,11,1.2660811773083314,7.326086956521739,14.391304347826088,46,DUESSELDORF
0070157301573,schlafsacke-matratzen-betten,200-500,,0,,,,0,DUESSELDORF
0070157301573,schlafsacke-matratzen-betten,50-100,4.715361445783133,14,0.3368115318416523,2.816901408450704,5.126760563380282,71,DUESSELDORF
0070157301573,schlafsacke-matratzen-betten,500-1000,,0,,,,0,DUESSELDORF
0070157301573,zelte,0-10,24.10810810810811,1,24.10810810810811,5.8,19.4,10,DUESSELDORF
0070157301573,zelte,10-20,,0,,,,0,DUESSELDORF
0070157301573,zelte,100-200,6.444162436548224,10,0.6444162436548224,3.466666666666667,4.355555555555555,45,DUESSELDORF
0070157301573,zelte,1000+,,0,,,,0,DUESSELDORF
0070157301573,zelte,20-50,12.067708333333334,5,2.4135416666666667,5.28,9.76,25,DUESSELDORF
0070157301573,zelte,200-500,2.6327433628318584,6,0.4387905604719764,1.6363636363636365,2.272727272727273,11,DUESSELDORF
0070157301573,zelte,50-100,3.8704663212435233,5,0.7740932642487046,3.357142857142857,2.9285714285714284,14,DUESSELDORF
0070157301573,zelte,500-1000,1.4608695652173913,3,0.4869565217391304,,,0,DUESSELDORF
0070159601596,campingmobel,0-10,9.456521739130435,5,1.8913043478260871,5.647058823529412,13.411764705882351,17,WUPPERTAL
0070159601596,campingmobel,10-20,22.75675675675676,4,5.6891891891891895,10.193548387096774,18.225806451612904,31,WUPPERTAL
0070159601596,campingmobel,100-200,4.513513513513513,1,4.513513513513513,1.6,3.6,5,WUPPERTAL
0070159601596,campingmobel,1000+,,0,,,,0,WUPPERTAL
0070159601596,campingmobel,20-50,9.929347826086955,9,1.1032608695652175,5.666666666666667,10.0,36,WUPPERTAL
0070159601596,campingmobel,200-500,,0,,,,0,WUPPERTAL
0070159601596,campingmobel,50-100,4.594594594594595,5,0.918918918918919,2.857142857142857,3.142857142857143,7,WUPPERTAL
0070159601596,campingmobel,500-1000,,0,,,,0,WUPPERTAL
0070159601596,fahrrader,0-10,,0,,,,0,WUPPERTAL
0070159601596,fahrrader,10-20,,0,,,,0,WUPPERTAL
0070159601596,fahrrader,100-200,1.0,1,1.0,,,0,WUPPERTAL
0070159601596,fahrrader,1000+,0.3361344537815126,4,0.0840336134453781,1.0,0.0,1,WUPPERTAL
0070159601596,fahrrader,20-50,,0,,,,0,WUPPERTAL
0070159601596,fahrrader,200-500,1.1956521739130437,10,0.1195652173913043,1.3333333333333333,0.7878787878787878,33,WUPPERTAL
0070159601596,fahrrader,50-100,,0,,,,0,WUPPERTAL
0070159601596,fahrrader,500-1000,0.8266666666666667,1,0.8266666666666667,1.0,0.0,2,WUPPERTAL
0070159601596,fitnessgerate-fur-zuhause,0-10,18.902439024390244,10,1.8902439024390243,9.0,16.36842105263158,19,WUPPERTAL
0070159601596,fitnessgerate-fur-zuhause,10-20,11.12332439678284,9,1.2359249329758712,4.659090909090909,10.386363636363637,44,WUPPERTAL
0070159601596,fitnessgerate-fur-zuhause,100-200,1.0,2,0.5,1.0,0.25,4,WUPPERTAL
0070159601596,fitnessgerate-fur-zuhause,1000+,,0,,,,0,WUPPERTAL
0070159601596,fitnessgerate-fur-zuhause,20-50,4.38121546961326,10,0.4381215469613259,3.103448275862069,2.2758620689655173,29,WUPPERTAL
0070159601596,fitnessgerate-fur-zuhause,200-500,1.5727272727272728,3,0.5242424242424243,1.0,0.75,4,WUPPERTAL
0070159601596,fitnessgerate-fur-zuhause,50-100,8.054054054054054,4,2.0135135135135136,4.090909090909091,1.4545454545454546,11,WUPPERTAL
0070159601596,fitnessgerate-fur-zuhause,500-1000,1.0,1,1.0,,,0,WUPPERTAL
0070159601596,kochen-essen-trinken-camping,0-10,29.03523035230352,11,2.639566395663957,10.511627906976743,28.58139534883721,43,WUPPERTAL
0070159601596,kochen-essen-trinken-camping,10-20,14.683923705722073,10,1.468392370572207,4.608695652173913,11.434782608695652,46,WUPPERTAL
0070159601596,kochen-essen-trinken-camping,100-200,,0,,,,0,WUPPERTAL
0070159601596,kochen-essen-trinken-camping,1000+,,0,,,,0,WUPPERTAL
0070159601596,kochen-essen-trinken-camping,20-50,12.404761904761903,8,1.550595238095238,4.310344827586207,9.862068965517242,29,WUPPERTAL
0070159601596,kochen-essen-trinken-camping,200-500,,0,,,,0,WUPPERTAL
0070159601596,kochen-essen-trinken-camping,50-100,6.162162162162162,1,6.162162162162162,1.5,5.166666666666667,6,WUPPERTAL
0070159601596,kochen-essen-trinken-camping,500-1000,,0,,,,0,WUPPERTAL
0070159601596,schlafsacke-matratzen-betten,0-10,26.123809523809523,3,8.707936507936507,7.769230769230769,15.23076923076923,13,WUPPERTAL
0070159601596,schlafsacke-matratzen-betten,10-20,19.29107981220657,8,2.411384976525821,8.605263157894736,15.947368421052632,38,WUPPERTAL
0070159601596,schlafsacke-matratzen-betten,100-200,2.628571428571429,4,0.6571428571428571,2.7,2.7,10,WUPPERTAL
0070159601596,schlafsacke-matratzen-betten,1000+,,0,,,,0,WUPPERTAL
0070159601596,schlafsacke-matratzen-betten,20-50,14.540476190476191,13,1.1184981684981683,6.176470588235294,12.431372549019608,51,WUPPERTAL
0070159601596,schlafsacke-matratzen-betten,200-500,,0,,,,0,WUPPERTAL
0070159601596,schlafsacke-matratzen-betten,50-100,5.848966613672496,12,0.487413884472708,2.887323943661972,4.816901408450704,71,WUPPERTAL
0070159601596,schlafsacke-matratzen-betten,500-1000,,0,,,,0,WUPPERTAL
0070159601596,zelte,0-10,23.22222222222222,1,23.22222222222222,11.0,18.0,4,WUPPERTAL
0070159601596,zelte,10-20,,0,,,,0,WUPPERTAL
0070159601596,zelte,100-200,6.807291666666667,10,0.6807291666666667,3.3773584905660377,5.075471698113208,53,WUPPERTAL
0070159601596,zelte,1000+,,0,,,,0,WUPPERTAL
0070159601596,zelte,20-50,12.81456953642384,4,3.2036423841059603,5.85,10.0,20,WUPPERTAL
0070159601596,zelte,200-500,2.518918918918919,5,0.5037837837837837,1.5454545454545454,2.1818181818181817,11,WUPPERTAL
0070159601596,zelte,50-100,4.991304347826087,3,1.6637681159420288,3.333333333333333,3.333333333333333,9,WUPPERTAL
0070159601596,zelte,500-1000,1.7964601769911503,3,0.5988200589970502,1.0,0.8333333333333334,6,WUPPERTAL
0070206002060,campingmobel,0-10,17.928571428571427,4,4.482142857142857,7.785714285714286,16.571428571428573,14,DORTMUND_KAMPSTRASSE
0070206002060,campingmobel,10-20,27.98198198198198,3,9.327327327327328,14.352941176470589,29.764705882352946,17,DORTMUND_KAMPSTRASSE
0070206002060,campingmobel,100-200,0.8378378378378378,1,0.8378378378378378,,,0,DORTMUND_KAMPSTRASSE
0070206002060,campingmobel,1000+,,0,,,,0,DORTMUND_KAMPSTRASSE
0070206002060,campingmobel,20-50,14.2015503875969,6,2.3669250645994837,5.375,12.166666666666666,24,DORTMUND_KAMPSTRASSE
0070206002060,campingmobel,200-500,,0,,,,0,DORTMUND_KAMPSTRASSE
0070206002060,campingmobel,50-100,3.142857142857143,7,0.4489795918367347,3.0,2.7142857142857144,7,DORTMUND_KAMPSTRASSE
0070206002060,campingmobel,500-1000,,0,,,,0,DORTMUND_KAMPSTRASSE
0070206002060,fahrrader,0-10,,0,,,,0,DORTMUND_KAMPSTRASSE
0070206002060,fahrrader,10-20,,0,,,,0,DORTMUND_KAMPSTRASSE
0070206002060,fahrrader,100-200,1.0,1,1.0,,,0,DORTMUND_KAMPSTRASSE
0070206002060,fahrrader,1000+,0.759493670886076,2,0.379746835443038,1.0,0.0,1,DORTMUND_KAMPSTRASSE
0070206002060,fahrrader,20-50,,0,,,,0,DORTMUND_KAMPSTRASSE
0070206002060,fahrrader,200-500,1.414864864864865,10,0.1414864864864864,1.2272727272727273,1.0,44,DORTMUND_KAMPSTRASSE
0070206002060,fahrrader,50-100,,0,,,,0,DORTMUND_KAMPSTRASSE
0070206002060,fahrrader,500-1000,0.7739130434782608,3,0.2579710144927536,1.0,0.0,5,DORTMUND_KAMPSTRASSE
0070206002060,fitnessgerate-fur-zuhause,0-10,22.901360544217688,9,2.5445956160241874,10.514285714285714,18.257142857142856,35,DORTMUND_KAMPSTRASSE
0070206002060,fitnessgerate-fur-zuhause,10-20,13.393120393120393,8,1.674140049140049,3.970149253731343,12.597014925373134,67,DORTMUND_KAMPSTRASSE
0070206002060,fitnessgerate-fur-zuhause,100-200,,0,,,,0,DORTMUND_KAMPSTRASSE
0070206002060,fitnessgerate-fur-zuhause,1000+,0.8205128205128205,1,0.8205128205128205,1.0,0.0,1,DORTMUND_KAMPSTRASSE
0070206002060,fitnessgerate-fur-zuhause,20-50,5.682403433476395,8,0.7103004291845494,2.2857142857142856,3.357142857142857,56,DORTMUND_KAMPSTRASSE
0070206002060,fitnessgerate-fur-zuhause,200-500,0.982608695652174,5,0.1965217391304347,1.0,0.0,2,DORTMUND_KAMPSTRASSE
0070206002060,fitnessgerate-fur-zuhause,50-100,6.892857142857143,4,1.7232142857142858,1.0,1.0,3,DORTMUND_KAMPSTRASSE
0070206002060,fitnessgerate-fur-zuhause,500-1000,2.0,1,2.0,,,0,DORTMUND_KAMPSTRASSE
0070206002060,kochen-essen-trinken-camping,0-10,25.00453514739229,11,2.273139558853845,10.981818181818182,27.581818181818186,55,DORTMUND_KAMPSTRASSE
0070206002060,kochen-essen-trinken-camping,10-20,14.13063063063063,11,1.2846027846027843,4.923076923076923,12.01923076923077,52,DORTMUND_KAMPSTRASSE
0070206002060,kochen-essen-trinken-camping,100-200,,0,,,,0,DORTMUND_KAMPSTRASSE
0070206002060,kochen-essen-trinken-camping,1000+,,0,,,,0,DORTMUND_KAMPSTRASSE
0070206002060,kochen-essen-trinken-camping,20-50,8.911547911547911,11,0.8101407192316283,4.826086956521739,11.478260869565217,23,DORTMUND_KAMPSTRASSE
0070206002060,kochen-essen-trinken-camping,200-500,,0,,,,0,DORTMUND_KAMPSTRASSE
0070206002060,kochen-essen-trinken-camping,50-100,4.282051282051282,3,1.4273504273504274,1.0,3.6666666666666665,3,DORTMUND_KAMPSTRASSE
0070206002060,kochen-essen-trinken-camping,500-1000,,0,,,,0,DORTMUND_KAMPSTRASSE
0070206002060,schlafsacke-matratzen-betten,0-10,29.1981981981982,3,9.732732732732734,8.444444444444445,20.666666666666668,18,DORTMUND_KAMPSTRASSE
0070206002060,schlafsacke-matratzen-betten,10-20,23.404444444444444,8,2.9255555555555555,8.0625,21.125,32,DORTMUND_KAMPSTRASSE
0070206002060,schlafsacke-matratzen-betten,100-200,3.6486486486486487,2,1.8243243243243243,2.125,4.75,8,DORTMUND_KAMPSTRASSE
0070206002060,schlafsacke-matratzen-betten,1000+,,0,,,,0,DORTMUND_KAMPSTRASSE
0070206002060,schlafsacke-matratzen-betten,20-50,14.316953316953317,13,1.1013041013041014,6.0,11.787234042553193,47,DORTMUND_KAMPSTRASSE
0070206002060,schlafsacke-matratzen-betten,200-500,,0,,,,0,DORTMUND_KAMPSTRASSE
0070206002060,schlafsacke-matratzen-betten,50-100,6.431528662420382,11,0.5846844238563983,3.192982456140351,6.543859649122807,57,DORTMUND_KAMPSTRASSE
0070206002060,schlafsacke-matratzen-betten,500-1000,,0,,,,0,DORTMUND_KAMPSTRASSE
0070206002060,zelte,0-10,10.13888888888889,2,5.069444444444445,5.444444444444445,16.333333333333332,9,DORTMUND_KAMPSTRASSE
0070206002060,zelte,10-20,,0,,,,0,DORTMUND_KAMPSTRASSE
0070206002060,zelte,100-200,6.984293193717278,10,0.6984293193717278,2.933333333333333,4.911111111111111,45,DORTMUND_KAMPSTRASSE
0070206002060,zelte,1000+,,0,,,,0,DORTMUND_KAMPSTRASSE
0070206002060,zelte,20-50,13.12,4,3.28,5.5,10.95,20,DORTMUND_KAMPSTRASSE
0070206002060,zelte,200-500,2.3,6,0.3833333333333333,2.0,1.2857142857142858,7,DORTMUND_KAMPSTRASSE
0070206002060,zelte,50-100,6.92,4,1.73,4.571428571428571,4.357142857142857,14,DORTMUND_KAMPSTRASSE
0070206002060,zelte,500-1000,1.25,3,0.4166666666666667,1.0,0.0,1,DORTMUND_KAMPSTRASSE
0070207102071,campingmobel,0-10,36.28947368421053,4,9.072368421052632,12.642857142857142,30.071428571428573,14,KOELN_QUINCY
0070207102071,campingmobel,10-20,29.864864864864863,5,5.972972972972973,17.09375,24.84375,32,KOELN_QUINCY
0070207102071,campingmobel,100-200,2.675675675675676,2,1.337837837837838,2.6666666666666665,3.6666666666666665,3,KOELN_QUINCY
0070207102071,campingmobel,1000+,,0,,,,0,KOELN_QUINCY
0070207102071,campingmobel,20-50,13.38095238095238,7,1.9115646258503405,9.55,10.075,40,KOELN_QUINCY
0070207102071,campingmobel,200-500,,0,,,,0,KOELN_QUINCY
0070207102071,campingmobel,50-100,3.3976833976833976,7,0.4853833425261996,3.1818181818181817,3.1818181818181817,11,KOELN_QUINCY
0070207102071,campingmobel,500-1000,,0,,,,0,KOELN_QUINCY
0070207102071,fahrrader,0-10,,0,,,,0,KOELN_QUINCY
0070207102071,fahrrader,10-20,,0,,,,0,KOELN_QUINCY
0070207102071,fahrrader,100-200,,0,,,,0,KOELN_QUINCY
0070207102071,fahrrader,1000+,0.9767441860465116,4,0.2441860465116279,2.0,0.5,4,KOELN_QUINCY
0070207102071,fahrrader,20-50,,0,,,,0,KOELN_QUINCY
0070207102071,fahrrader,200-500,1.4363438520130576,13,0.110487988616389,1.4736842105263157,1.3421052631578947,38,KOELN_QUINCY
0070207102071,fahrrader,50-100,,0,,,,0,KOELN_QUINCY
0070207102071,fahrrader,500-1000,0.4803493449781659,3,0.1601164483260553,1.0,0.3,10,KOELN_QUINCY
0070207102071,fitnessgerate-fur-zuhause,0-10,21.02389078498293,13,1.6172223680756104,9.658536585365852,18.04878048780488,41,KOELN_QUINCY
0070207102071,fitnessgerate-fur-zuhause,10-20,15.053164556962026,9,1.6725738396624472,6.716666666666667,15.683333333333334,60,KOELN_QUINCY
0070207102071,fitnessgerate-fur-zuhause,100-200,,0,,,,0,KOELN_QUINCY
0070207102071,fitnessgerate-fur-zuhause,1000+,,0,,,,0,KOELN_QUINCY
0070207102071,fitnessgerate-fur-zuhause,20-50,5.258823529411765,11,0.4780748663101604,2.731707317073171,3.1951219512195124,41,KOELN_QUINCY
0070207102071,fitnessgerate-fur-zuhause,200-500,,0,,,,0,KOELN_QUINCY
0070207102071,fitnessgerate-fur-zuhause,50-100,14.216216216216216,4,3.554054054054054,17.0,2.0,2,KOELN_QUINCY
0070207102071,fitnessgerate-fur-zuhause,500-1000,,0,,,,0,KOELN_QUINCY
0070207102071,kochen-essen-trinken-camping,0-10,81.01891891891891,12,6.751576576576576,24.44927536231884,78.76811594202898,69,KOELN_QUINCY
0070207102071,kochen-essen-trinken-camping,10-20,29.422343324250683,11,2.674758484022789,10.173076923076923,22.307692307692307,52,KOELN_QUINCY
0070207102071,kochen-essen-trinken-camping,100-200,,0,,,,0,KOELN_QUINCY
0070207102071,kochen-essen-trinken-camping,1000+,,0,,,,0,KOELN_QUINCY
0070207102071,kochen-essen-trinken-camping,20-50,16.527173913043477,11,1.5024703557312251,5.8125,14.645833333333334,48,KOELN_QUINCY
0070207102071,kochen-essen-trinken-camping,200-500,,0,,,,0,KOELN_QUINCY
0070207102071,kochen-essen-trinken-camping,50-100,6.45945945945946,2,3.22972972972973,1.8888888888888888,5.888888888888889,9,KOELN_QUINCY
0070207102071,kochen-essen-trinken-camping,500-1000,,0,,,,0,KOELN_QUINCY
0070207102071,schlafsacke-matratzen-betten,0-10,61.85714285714285,3,20.619047619047617,17.25,34.3125,16,KOELN_QUINCY
0070207102071,schlafsacke-matratzen-betten,10-20,31.858490566037737,7,4.551212938005391,11.794117647058824,24.205882352941178,34,KOELN_QUINCY
0070207102071,schlafsacke-matratzen-betten,100-200,6.071428571428571,2,3.0357142857142856,4.555555555555555,7.555555555555555,9,KOELN_QUINCY
0070207102071,schlafsacke-matratzen-betten,1000+,,0,,,,0,KOELN_QUINCY
0070207102071,schlafsacke-matratzen-betten,20-50,18.53964757709251,13,1.4261267366994237,9.446428571428571,18.875,56,KOELN_QUINCY
0070207102071,schlafsacke-matratzen-betten,200-500,,0,,,,0,KOELN_QUINCY
0070207102071,schlafsacke-matratzen-betten,50-100,9.98045112781955,13,0.767727009832273,4.223529411764706,9.376470588235296,85,KOELN_QUINCY
0070207102071,schlafsacke-matratzen-betten,500-1000,,0,,,,0,KOELN_QUINCY
0070207102071,zelte,0-10,41.810810810810814,1,41.810810810810814,18.8,30.2,5,KOELN_QUINCY
0070207102071,zelte,10-20,,0,,,,0,KOELN_QUINCY
0070207102071,zelte,100-200,10.183206106870228,10,1.0183206106870228,4.5625,7.96875,64,KOELN_QUINCY
0070207102071,zelte,1000+,,0,,,,0,KOELN_QUINCY
0070207102071,zelte,20-50,20.35751295336788,6,3.392918825561313,7.607142857142857,16.928571428571427,28,KOELN_QUINCY
0070207102071,zelte,200-500,3.196428571428572,6,0.5327380952380952,2.090909090909091,2.4545454545454546,22,KOELN_QUINCY
0070207102071,zelte,50-100,9.30379746835443,5,1.860759493670886,4.411764705882353,7.0588235294117645,17,KOELN_QUINCY
0070207102071,zelte,500-1000,1.3043478260869563,3,0.4347826086956521,1.0,0.0,1,KOELN_QUINCY
0070207202072,campingmobel,0-10,12.83783783783784,2,6.418918918918919,7.909090909090909,8.090909090909092,11,NEUSS
0070207202072,campingmobel,10-20,20.13586956521739,4,5.033967391304348,10.586206896551724,16.689655172413794,29,NEUSS
0070207202072,campingmobel,100-200,2.054054054054054,2,1.027027027027027,2.0,2.0,1,NEUSS
0070207202072,campingmobel,1000+,,0,,,,0,NEUSS
0070207202072,campingmobel,20-50,8.559322033898304,7,1.2227602905569006,5.666666666666667,8.944444444444445,36,NEUSS
0070207202072,campingmobel,200-500,,0,,,,0,NEUSS
0070207202072,campingmobel,50-100,3.172972972972973,5,0.6345945945945946,3.25,1.5,4,NEUSS
0070207202072,campingmobel,500-1000,,0,,,,0,NEUSS
0070207202072,fahrrader,0-10,,0,,,,0,NEUSS
0070207202072,fahrrader,10-20,,0,,,,0,NEUSS
0070207202072,fahrrader,100-200,,0,,,,0,NEUSS
0070207202072,fahrrader,1000+,0.735632183908046,5,0.1471264367816092,1.0,0.0,1,NEUSS
0070207202072,fahrrader,20-50,,0,,,,0,NEUSS
0070207202072,fahrrader,200-500,1.239884393063584,12,0.1033236994219653,1.2564102564102564,1.2307692307692308,39,NEUSS
0070207202072,fahrrader,50-100,,0,,,,0,NEUSS
0070207202072,fahrrader,500-1000,1.0,1,1.0,,,0,NEUSS
0070207202072,fitnessgerate-fur-zuhause,0-10,17.159663865546218,10,1.7159663865546215,8.0,14.090909090909092,11,NEUSS
0070207202072,fitnessgerate-fur-zuhause,10-20,9.341597796143253,9,1.0379553106825834,4.341463414634147,8.0,41,NEUSS
0070207202072,fitnessgerate-fur-zuhause,100-200,,0,,,,0,NEUSS
0070207202072,fitnessgerate-fur-zuhause,1000+,,0,,,,0,NEUSS
0070207202072,fitnessgerate-fur-zuhause,20-50,5.212464589235127,10,0.5212464589235127,3.0,3.3703703703703702,27,NEUSS
0070207202072,fitnessgerate-fur-zuhause,200-500,,0,,,,0,NEUSS
0070207202072,fitnessgerate-fur-zuhause,50-100,9.195804195804197,5,1.839160839160839,4.363636363636363,3.0,11,NEUSS
0070207202072,fitnessgerate-fur-zuhause,500-1000,,0,,,,0,NEUSS
0070207202072,kochen-essen-trinken-camping,0-10,28.64945652173913,11,2.60449604743083,10.235294117647058,24.274509803921568,51,NEUSS
0070207202072,kochen-essen-trinken-camping,10-20,9.00497512437811,11,0.8186341022161918,3.952380952380953,9.523809523809524,42,NEUSS
0070207202072,kochen-essen-trinken-camping,100-200,,0,,,,0,NEUSS
0070207202072,kochen-essen-trinken-camping,1000+,,0,,,,0,NEUSS
0070207202072,kochen-essen-trinken-camping,20-50,10.132930513595166,9,1.1258811681772407,3.7142857142857135,9.035714285714286,28,NEUSS
0070207202072,kochen-essen-trinken-camping,200-500,,0,,,,0,NEUSS
0070207202072,kochen-essen-trinken-camping,50-100,5.175675675675675,2,2.5878378378378377,1.75,3.25,4,NEUSS
0070207202072,kochen-essen-trinken-camping,500-1000,,0,,,,0,NEUSS
0070207202072,schlafsacke-matratzen-betten,0-10,24.276190476190475,3,8.092063492063492,9.75,16.95,20,NEUSS
0070207202072,schlafsacke-matratzen-betten,10-20,17.280254777070063,8,2.160031847133758,9.136363636363637,10.931818181818182,44,NEUSS
0070207202072,schlafsacke-matratzen-betten,100-200,3.128571428571429,2,1.5642857142857145,5.0,2.0,6,NEUSS
0070207202072,schlafsacke-matratzen-betten,1000+,,0,,,,0,NEUSS
0070207202072,schlafsacke-matratzen-betten,20-50,14.202857142857145,11,1.2911688311688312,7.024390243902439,9.951219512195122,41,NEUSS
0070207202072,schlafsacke-matratzen-betten,200-500,,0,,,,0,NEUSS
0070207202072,schlafsacke-matratzen-betten,50-100,5.14795008912656,12,0.4289958407605467,3.94,4.18,50,NEUSS
0070207202072,schlafsacke-matratzen-betten,500-1000,,0,,,,0,NEUSS
0070207202072,zelte,0-10,18.97297297297297,1,18.97297297297297,5.166666666666667,16.333333333333332,6,NEUSS
0070207202072,zelte,10-20,,0,,,,0,NEUSS
0070207202072,zelte,100-200,6.269035532994923,10,0.6269035532994923,3.862745098039216,5.019607843137255,51,NEUSS
0070207202072,zelte,1000+,,0,,,,0,NEUSS
0070207202072,zelte,20-50,8.93193717277487,5,1.786387434554974,5.238095238095238,6.666666666666667,21,NEUSS
0070207202072,zelte,200-500,1.7228464419475655,7,0.2461209202782236,1.1111111111111112,0.7777777777777778,9,NEUSS
0070207202072,zelte,50-100,4.52991452991453,3,1.50997150997151,3.333333333333333,2.4,15,NEUSS
0070207202072,zelte,500-1000,1.922413793103448,3,0.6408045977011494,2.0,0.0,1,NEUSS
0070265802658,campingmobel,0-10,15.89041095890411,4,3.9726027397260273,6.4,15.0,20,MUENSTER
0070265802658,campingmobel,10-20,17.027027027027028,8,2.1283783783783785,12.76923076923077,15.17948717948718,39,MUENSTER
0070265802658,campingmobel,100-200,3.986666666666667,3,1.328888888888889,3.0,4.5,2,MUENSTER
0070265802658,campingmobel,1000+,,0,,,,0,MUENSTER
0070265802658,campingmobel,20-50,11.850678733031677,10,1.1850678733031674,7.204081632653061,11.36734693877551,49,MUENSTER
0070265802658,campingmobel,200-500,,0,,,,0,MUENSTER
0070265802658,campingmobel,50-100,4.867321867321867,11,0.4424838061201697,3.129032258064516,4.258064516129032,31,MUENSTER
0070265802658,campingmobel,500-1000,,0,,,,0,MUENSTER
0070265802658,fahrrader,0-10,,0,,,,0,MUENSTER
0070265802658,fahrrader,10-20,,0,,,,0,MUENSTER
0070265802658,fahrrader,100-200,,0,,,,0,MUENSTER
0070265802658,fahrrader,1000+,0.4976076555023923,4,0.124401913875598,1.0,0.0,5,MUENSTER
0070265802658,fahrrader,20-50,,0,,,,0,MUENSTER
0070265802658,fahrrader,200-500,1.6460829493087556,11,0.1496439044826141,1.1904761904761905,1.4047619047619049,42,MUENSTER
0070265802658,fahrrader,50-100,,0,,,,0,MUENSTER
0070265802658,fahrrader,500-1000,0.6928571428571428,3,0.2309523809523809,1.0,0.4545454545454545,11,MUENSTER
0070265802658,fitnessgerate-fur-zuhause,0-10,18.52380952380953,4,4.630952380952381,9.571428571428571,17.642857142857142,14,MUENSTER
0070265802658,fitnessgerate-fur-zuhause,10-20,12.254335260115608,7,1.7506193228736582,4.387755102040816,11.571428571428571,49,MUENSTER
0070265802658,fitnessgerate-fur-zuhause,100-200,0.3235294117647059,1,0.3235294117647059,1.0,0.0,1,MUENSTER
0070265802658,fitnessgerate-fur-zuhause,1000+,1.0,1,1.0,,,0,MUENSTER
0070265802658,fitnessgerate-fur-zuhause,20-50,4.907051282051282,6,0.8178418803418803,3.409090909090909,2.772727272727273,22,MUENSTER
0070265802658,fitnessgerate-fur-zuhause,200-500,1.057471264367816,5,0.2114942528735632,1.0,0.375,8,MUENSTER
0070265802658,fitnessgerate-fur-zuhause,50-100,7.97196261682243,5,1.594392523364486,4.181818181818182,2.1818181818181817,11,MUENSTER
0070265802658,fitnessgerate-fur-zuhause,500-1000,1.0,2,0.5,,,0,MUENSTER
0070265802658,kochen-essen-trinken-camping,0-10,30.12272727272727,12,2.5102272727272728,13.5,30.482142857142858,56,MUENSTER
0070265802658,kochen-essen-trinken-camping,10-20,15.723981900452488,13,1.209537069265576,6.745454545454545,11.0,55,MUENSTER
0070265802658,kochen-essen-trinken-camping,100-200,,0,,,,0,MUENSTER
0070265802658,kochen-essen-trinken-camping,1000+,,0,,,,0,MUENSTER
0070265802658,kochen-essen-trinken-camping,20-50,14.228915662650602,10,1.42289156626506,4.6923076923076925,12.23076923076923,39,MUENSTER
0070265802658,kochen-essen-trinken-camping,200-500,,0,,,,0,MUENSTER
0070265802658,kochen-essen-trinken-camping,50-100,6.9868421052631575,4,1.7467105263157894,2.1666666666666665,5.833333333333333,6,MUENSTER
0070265802658,kochen-essen-trinken-camping,500-1000,,0,,,,0,MUENSTER
0070265802658,schlafsacke-matratzen-betten,0-10,30.933333333333334,3,10.311111111111112,10.05,23.15,20,MUENSTER
0070265802658,schlafsacke-matratzen-betten,10-20,21.002604166666668,10,2.100260416666667,11.262295081967212,18.524590163934427,61,MUENSTER
0070265802658,schlafsacke-matratzen-betten,100-200,4.093457943925234,4,1.0233644859813085,3.1666666666666665,4.111111111111111,18,MUENSTER
0070265802658,schlafsacke-matratzen-betten,1000+,,0,,,,0,MUENSTER
0070265802658,schlafsacke-matratzen-betten,20-50,17.74945054945055,14,1.267817896389325,8.31081081081081,14.14864864864865,74,MUENSTER
0070265802658,schlafsacke-matratzen-betten,200-500,,0,,,,0,MUENSTER
0070265802658,schlafsacke-matratzen-betten,50-100,7.559895833333333,14,0.5399925595238095,4.422018348623853,6.954128440366972,109,MUENSTER
0070265802658,schlafsacke-matratzen-betten,500-1000,,0,,,,0,MUENSTER
0070265802658,zelte,0-10,27.2972972972973,2,13.64864864864865,12.7,19.3,10,MUENSTER
0070265802658,zelte,10-20,,0,,,,0,MUENSTER
0070265802658,zelte,100-200,8.636568848758465,12,0.719714070729872,5.245901639344262,6.983606557377049,61,MUENSTER
0070265802658,zelte,1000+,0.2702702702702703,2,0.1351351351351351,1.0,0.0,1,MUENSTER
0070265802658,zelte,20-50,16.35135135135135,4,4.087837837837838,7.684210526315789,13.526315789473683,19,MUENSTER
0070265802658,zelte,200-500,2.1168478260869565,9,0.2352053140096618,1.3214285714285714,1.3571428571428572,28,MUENSTER
0070265802658,zelte,50-100,5.878378378378378,4,1.4695945945945943,5.5,4.65,20,MUENSTER
0070265802658,zelte,500-1000,2.2612612612612613,3,0.7537537537537538,1.0,1.0,6,MUENSTER
All Stores,campingmobel,0-10,19.15032258064516,6,3.1917204301075266,9.121052631578948,19.75263157894737,190,ALL_STORES
All Stores,campingmobel,10-20,31.51665433012583,9,3.5018504811250923,15.138328530259368,24.56484149855908,347,ALL_STORES
All Stores,campingmobel,100-200,3.9066390041493775,6,0.651106500691563,2.36,4.36,50,ALL_STORES
All Stores,campingmobel,1000+,,0,,,,0,ALL_STORES
All Stores,campingmobel,20-50,16.263555787278413,11,1.4785050715707648,8.77116704805492,14.393592677345538,437,ALL_STORES
All Stores,campingmobel,200-500,,0,,,,0,ALL_STORES
All Stores,campingmobel,50-100,5.038800705467372,14,0.3599143361048122,3.439814814814815,5.416666666666667,216,ALL_STORES
All Stores,campingmobel,500-1000,,0,,,,0,ALL_STORES
All Stores,fahrrader,0-10,,0,,,,0,ALL_STORES
All Stores,fahrrader,10-20,,0,,,,0,ALL_STORES
All Stores,fahrrader,100-200,0.8,1,0.8,,,0,ALL_STORES
All Stores,fahrrader,1000+,0.7176033441709243,10,0.0717603344170924,1.3064516129032258,0.6612903225806451,62,ALL_STORES
All Stores,fahrrader,20-50,,0,,,,0,ALL_STORES
All Stores,fahrrader,200-500,1.7696957878315132,17,0.1040997522253831,1.6661237785016287,1.6872964169381108,614,ALL_STORES
All Stores,fahrrader,50-100,,0,,,,0,ALL_STORES
All Stores,fahrrader,500-1000,0.6377295492487479,4,0.1594323873121869,1.0338983050847457,0.288135593220339,59,ALL_STORES
All Stores,fitnessgerate-fur-zuhause,0-10,25.25689277899344,14,1.8040637699281024,11.30232558139535,21.6843853820598,301,ALL_STORES
All Stores,fitnessgerate-fur-zuhause,10-20,13.85364281108962,10,1.385364281108962,5.371559633027523,14.850152905198776,654,ALL_STORES
All Stores,fitnessgerate-fur-zuhause,100-200,1.3306233062330624,2,0.6653116531165312,1.25,0.8928571428571429,28,ALL_STORES
All Stores,fitnessgerate-fur-zuhause,1000+,0.9292035398230089,2,0.4646017699115044,1.2142857142857142,0.4285714285714285,14,ALL_STORES
All Stores,fitnessgerate-fur-zuhause,20-50,6.043434138420946,12,0.5036195115350789,2.9293893129771,4.646946564885496,524,ALL_STORES
All Stores,fitnessgerate-fur-zuhause,200-500,1.331039755351682,10,0.1331039755351682,1.121212121212121,0.7727272727272727,66,ALL_STORES
All Stores,fitnessgerate-fur-zuhause,50-100,11.02210759027266,6,1.8370179317121105,5.877551020408164,3.673469387755102,98,ALL_STORES
All Stores,fitnessgerate-fur-zuhause,500-1000,1.0915254237288134,3,0.3638418079096044,1.0909090909090908,0.7272727272727273,11,ALL_STORES
All Stores,kochen-essen-trinken-camping,0-10,43.79238021935732,18,2.4329100121865177,17.446175637393768,49.08781869688385,706,ALL_STORES
All Stores,kochen-essen-trinken-camping,10-20,18.22914995990377,15,1.2152766639935846,6.875621890547263,15.3681592039801,603,ALL_STORES
All Stores,kochen-essen-trinken-camping,100-200,5.594594594594595,1,5.594594594594595,2.0,4.5,2,ALL_STORES
All Stores,kochen-essen-trinken-camping,1000+,,0,,,,0,ALL_STORES
All Stores,kochen-essen-trinken-camping,20-50,15.016079451406952,14,1.0725771036719252,5.61501210653753,14.48910411622276,413,ALL_STORES
All Stores,kochen-essen-trinken-camping,200-500,,0,,,,0,ALL_STORES
All Stores,kochen-essen-trinken-camping,50-100,8.013977128335451,5,1.6027954256670902,3.083333333333333,6.75,72,ALL_STORES
All Stores,kochen-essen-trinken-camping,500-1000,,0,,,,0,ALL_STORES
All Stores,schlafsacke-matratzen-betten,0-10,43.08346333853354,3,14.361154446177848,13.927272727272728,32.75909090909091,220,ALL_STORES
All Stores,schlafsacke-matratzen-betten,10-20,26.485094066570188,10,2.648509406657019,11.495378927911275,21.50646950092421,541,ALL_STORES
All Stores,schlafsacke-matratzen-betten,100-200,7.246519246519247,5,1.4493038493038497,4.341085271317829,7.356589147286821,129,ALL_STORES
All Stores,schlafsacke-matratzen-betten,1000+,,0,,,,0,ALL_STORES
All Stores,schlafsacke-matratzen-betten,20-50,20.32231734023492,14,1.4515940957310658,8.889908256880734,17.371559633027523,654,ALL_STORES
All Stores,schlafsacke-matratzen-betten,200-500,,0,,,,0,ALL_STORES
All Stores,schlafsacke-matratzen-betten,50-100,8.836674090571641,17,0.51980435826892,4.636258660508084,7.986143187066975,866,ALL_STORES
All Stores,schlafsacke-matratzen-betten,500-1000,,0,,,,0,ALL_STORES
All Stores,zelte,0-10,32.16310975609756,2,16.08155487804878,13.16326530612245,24.90816326530612,98,ALL_STORES
All Stores,zelte,10-20,,0,,,,0,ALL_STORES
All Stores,zelte,100-200,11.31679894179894,12,0.9430665784832452,5.296474358974359,9.471153846153848,624,ALL_STORES
All Stores,zelte,1000+,0.2862453531598513,2,0.1431226765799256,1.2727272727272727,0.0,11,ALL_STORES
All Stores,zelte,20-50,19.348369565217396,6,3.2247282608695653,7.9071729957805905,15.084388185654008,237,ALL_STORES
All Stores,zelte,200-500,3.340946706388613,10,0.3340946706388613,2.1965065502183405,3.187772925764192,229,ALL_STORES
All Stores,zelte,50-100,7.782872928176795,9,0.8647636586863106,4.9067357512953365,6.678756476683938,193,ALL_STORES
All Stores,zelte,500-1000,2.349282296650718,3,0.7830940988835726,1.3902439024390243,1.8902439024390243,82,ALL_STORES
